,100 pound weakling,:-)--,
,a banker,:-%,
,a big girl,:-)-{8,
,a big nose,:>),
,A big wet kiss,:-X,
,a Bozo,*:o),
,a cold,:->|,
,a cyclops,o-),
,a little devil,>:),
,a mustache,:-{,
,A Person With Multiple Chins,:-))))))),
,a robot,[:|],
,A Rose,@>--;--,
,acne,:%)%,
,Adolph Hitler,:-=),
,after a BIZARRE comment,:-s,
,Airplane,(ap),
,Alarmed,:-o,
,Alien,OOOOOO,
,Alien,(8>/--<,
,Alien,(.V.),
,Alien,(.!.),
,Amazement,:-O,
,ambivalent,:-|,
,an accountant,:%),
,an egghead,(:I,
,an orator,:-0,
,Angel,O:),
,Angel,O:-),
,Angel,O-),
,Angel,0=),
,angel,0:-),
,Angel,(a),
,Angel,^j^,
,Angel Wink – Female,0*-),
,Angel Wink – Male,0;-),
,angelic,o:-),
,Angry,X(,
,Angry,X-(,
,Angry,O,
,Angry,b (,
,angry,>:-),
,angry,>:-(,
,angry,(:-&,
,Angry,:@,
,Angry,:(,
,Angry,:-t,
,Angry,:-||,
,Angry,:-@,
,Angry,:-{,
,Angry Face,:-Z,
,Anime Sweat Drop,|_|',
,Anime Sweat Drop,-_-;,
,Anime Sweat Drop,^^;,
,Annoyed,??,
,Annoyed,>:-(,
,Annoyed,@_@,
,Annoyed,(-_-* ),
,Annoyed,( o_o),
,another dunce,<:-I,
,Are You Drunk?,:*)?,
,Are You Drunk?,:*) ?,
,Asleep,l-),
,asleep,|-I,
,asleep (boredom),|-),
,At Wits End,~X(,
,Australian,(-:,
,Auto,(au),
,babe the pig,:o),
,Baboon,:=8),
,Baby,~O><,
,Baby,~:O,
,Baby,~:0,
,bad hair day,X:-),
,Bad Hair Day,~#:-(,
,Bad Hair Day,?:-),
,Bad-Hair Day,~~8-O,
,Bald,C:-|,
,Bald,(:-),
,Banana,((,
,Band-Aid,(::( )::),
,band-aide,(::[]::),
,Baring Teeth,o >,
,Baring Teeth,:-E,
,Baseball Cap,D:-),
,Baseball Catcher,q:-),
,Baseball nut,d:-),
,Baseball Player,d:-p,
,baseball player,d:-),
,Basic Little Kid,:),
,Basic Mustache,:-{0,
,Bat,^v^,
,Batman,B-),
,Batting Eyelashes,;;),
,Be Right Back,(brb),
,Bear,(''')-.-('''),
,Bear,"("") ("")",
,Beard,:>)=,
,Beard,:)#,
,beard,:-%,
,Beard,:-){,
,Beard – Long,(:-{~,
,beard.,:-%,
,Beat Up,b-(,
,Beaten Up,%+|,
,Beaver,: =,
,Bed,0___,
,Bed Head,X:-|,
,Been Up All Night,%-|,
,Beer Mug,(b),
,Betty Boop,&:-o-8-<,
,Bicycle,(*)/ (*),
,Big Face,(:-),
,Big Grin,:D,
,Big Grin,:-D,
,Big Hug,>:D<,
,big liar,:------------),
,big nose,(:+),
,big nose,:>),
,big smile,:)) ,
,big teeth,:-(=),
,Big Wet Kiss,:-X,
,Big-Nosed Dunce,<(:?),
,Bird,~O~,
,Bird,(,
,Birth,|-O,
,Birthday Cake,(^),
,Birthday Hat,*<:),
,biting sarcasm,:->,
,biting sarcasm,:-],
,Bizzare Comment,:-s,
,blabber mouth,(:<),
,blabber mouth,(:-D,
,Black Eye,?-(,
,Black Eye,!-(,
,Black Sheep,(bah),
,Blank Expression,(:-,
,Blinking,#-),
,Blissful,^^,
,Blockhead,:-],
,blotto,%'),
,blowing a kiss,:-{},
,blown away,`-`,
,Blush,":"")",
,Blushing,":,')",
,Blushing,":-"">",
,"bog-eyed, or drunk",(@_@),
,Bomb,@=,
,Boo hoo,:-(,
,bored,l-o,
,bored,\-o,
,Bored,:-o,
,Bored,:-!,
,Bored Or Tired,:-O ZZ ZZ ZZ,
,bow tie,:-X,
,Bow Tie-Wearing,:-}X,
,Bowl,(||),
,Boxing,Q(''q) Q(''Q),
,Boy,(z),
,Boy And Girl Kissing,( '}{' ),
,Bozo the Clown,>:*),
,Bozo the Clown,*:o),
,Braces,:-#,
,Broken Glasses,%-(,
,Broken Heart,</3,
,Broken Heart,(U),
,broken nose,(:^(,
,broken nose,:^),
,buck-tooth,:-E,
,Buck-tothed,:-E,
,Bucktoothed,:-(=),
,bucktoothed vampire,:-E,
,bull headed,}:-(,
,bummed out,:-c,
,Bummed out Smiley,:-c,
,Bunny, U U ,
,bushy hair,#:-),
,Bushy Mustache,:-#|,
,Butt,(_|_),
,Butterfly,}i{,
,Butterfly,}|{,
,Butterfly,})i({,
,Call Me,:-c,
,Camera,(p),
,Can’t keep mouth shut,:-D,
,can’t stop talking,:(),
,Cap,P=\\,
,Cat,~,
,Cat,>'o'<,
,Cat,>^..^<,
,Cat,">^,,^<",
,Cat,}:-X,
,Cat Face,(@),
,Cat Winking,>;3,
,Catcher (baseball),Q:-),
,catepillar (top view),(:@@@@@@@@@@@@@@@D,
,Charlie Chaplin,C|:-=,
,Cheeky Wink,;),
,Cheer,\o/,
,Cheerleader,*\O/*,
,Chef,C=:-),
,Chef,(-: =3,
,Cheshire cat,,
,Chicken,8^,
,Chicken,~:>,
,Chimp,C8o \,
,Chimp,C8o ),
,Chimp,C8o (,
,Chin Up,;-(,
,chinese,<|-)=,
,Chinese Hat,-{:-],
,Christmas Tree,*<<<<=,
,Christmas Tree,*<<<<+,
,Chubby Face,<{^-^}>,
,Cigarette,(ci),
,Cindy Crawford,:-.),
,Clam,(:),
,Classic Smiley,:),
,Classic Smiley,:-),
,Clock,(o),
,clown,<|:-()},
,Clown,<|:^0|<,
,Clown,<]:o){,
,Clown,*<):O),
,Clown,*<:O),
,Clown,*:o),
,Clown,:O),
,clowning,:*),
,Coffee Cup,(c),
,Cold Stare,?_?,
,Colonel Klink,P-),
,Comb Stuck in the Hair,$:-),
,Comedy,:-),
,Computer,(co),
,Concentrating,:-r,
,Condescending stare,:-8(,
,Confused,O.o,
,Confused,%),
,Confused,%-),
,Confused,(@_@),
,Confused,:s,
,Confused,:-S,
,Confused,:-Q,
,Confused,:-$,
,Confused,:-/,
,Confusion,:-S,
,Cool,B-),
,Count Dracula,:-{,
,cow,3:08 AM,
,Cow,3:-O,
,Cowbell,+/'\,
,Cowboy,<):),
,Cowboy,<):-),
,Cowboy,}:-),
,Cowgirl,{:-),
,Crab,V.v.V,
,Crazy,%-),
,cross,:-t,
,Cross-Eyed,H-),
,cross-eyed,%-),
,Crying,T_T,
,Crying,T^T,
,Crying,QQ,
,crying,&.(..,
,crying,(;_;),
,Crying,:'(,
,crying,:',
,crying,:'-(,
,Crying,:*(,
,crying,:*-(,
,Crying,:((,
,Crying,:..[,
,Crying,:_ (,
,Crying,:`-(,
,Crying,;_;,
,crying sadly,:'-(,
,Crying Softly,:*(,
,crying with happiness,:'-),
,crying with joy,:'-),
,Cup,|_|,
,Cup of Coffee,C(_),
,Cup of Coffee,~o),
,Cup of Coffee,|_P,
,curly hair,&:-),
,Curly Hair,@:-),
,Cursing,:-@!,
,Cyclops,o-),
,Cyclops,O-(,
,Cyclops,0-),
,Cyclops got poked in the eye,*-(,
,Dancing,<(..<),
,Dancing,\\:D/,
,Dancing,(>..)>,
,Dancing,^(. .)^,
,Darth Vader,C8<],
,Davey Crockett,Q:|,
,Daydreaming,8->,
,Dazed,*-*,
,Death,8-#,
,Deja Vu,:-| :-|,
,"delicious, yummy",:-9,
,Despondent,:-[,
,Devil,>:),
,Devil,>:-),
,Devil,}=^{|~,
,Devil,}:-),
,Devil,]:->,
,Devil,()}:o),
,Devil,-6,
,Devilish,>:->,
,devilish,}:->,
,devilish,:->,
,Devilish Grin,:>,
,devilish wink,;->,
,Dinosaur,/\,
,Disappointed,:|,
,Disappointed,:(&,
,Disappointed,:-E,
,Disappointed,:-|,
,disappointed smiley,:-e,
,Disgusted,DX,
,Distraught,/:(,
,Dizzy,%-},
,DJ,d[-_-]b,
,DJ,[:-},
,DJ wearing head phones,d^_^b,
,Do Not Tell Anyone,:-$,
,Do Not Tell Anyone,:-#,
,Dog,"<[.,=.,]-",
,Dog,:O$,
,Dog,:O\',
,Dog,:O/,
,Dog,:O),
,Dog,:O?,
,Dog,:3-<,
,Dog,:3-],
,Dog Bone,8==3,
,Dog bone,&===3,
,Dog Face,(&),
,Doh,(>.<),
,Doh!,#-o,
,Dolly Parton,:-) 8,
,Donald Trump,:$),
,double chin,:-)),
,Dracula,}:-(=,
,Drama,:-(,
,Dressed To Kill,(:-|K-,
,drink,\_/,
,Drink,*DRINK*,
,Drinking Every Night,:*),
,drooler,:-). . .,
,Drooling,*DROOLING*,
,Drooling,:P,
,Drooling,:-P,
,drooling,:-)~,
,Drooling (sees food),:-P```,
,Drooling Out Of Both Sides Of Mouth,:-B,
,drunk,:~),
,Drunk,:#),
,drunk,:*),
,drunk,:-},
,drunk smile,:*),
,drunk with laughter,%-,
,Duck,./,
,Dumb Person,8),
,Dumb Question,<:-),
,dumb questions,<:-),
,Dunce,<:I,
,dunce,<:-),
,Dunce,<:-(,
,dunce,,
,E-mail,(e),
,Eeek!,<:-0,
,Egghead,(:I,
,Elephant,:~,
,Elvis,2:),
,Elvis,@=),
,Elvis Presley,5:-),
,"Elvis, curly hair",&:-/,
,Embarrased,":"")",
,Embarrassed,:$,
,Embarrassed,:-$,
,Embarrassed,:-[,
,Embarrassed Smile,:-},
,Emo,T-T,
,Emo,//_^,
,Emo,(//.^),
,Emo,(//_^),
,Enjoying The Sun,0|-),
,Evil,>:),
,Evil Face,(.\|/.),
,Evil Grin,>-),
,Excited,:-O,
,exclamation,:@,
,Exhausted,#-),
,"exhausted, wiped out",:-6,
,extremely angry,:-@,
,Eye-Rolling,8-),
,Eyebrows,}=D,
,Eyeglasses,-@--@-,
,Eyepatch,# -,
,Falcon Punch,(p ^^)=====O,
,Fancy Hair,?:-),
,Fangs,"o,..,o",
,Fangs,"^,..,^",
,Female,>-,
,Fighting,/ | | |,
,Filmstrip,(~),
,Fingers Crossed,(yn),
,Fish,"><((("">",
,Fish,<><,
,Fish,<*))))><,
,Fish,<((((><,
,Fish,"<"")))><",
,Fish,<.{{{><,
,Fish,}-(((*>,
,Fish,{}{,
,Flirty,;-),
,Flower,@>--;--,
,Flower,@>---,
,Foot in Mouth,:-!,
,Football,(),
,Football Helmet,G:-),
,Four Leaf Clover,%%-,
,Fred Flintstone,7:-),
,Frenchman With A Beret,/:-),
,Friends,   ,
,Frog,8)~~*,
,frog,8),
,Frog,<? ?>,
,frog,:(?),
,Frosty Mug,[II]D,
,Frown,:(,
,Frown,:-(,
,frowning,(:-(,
,Frowning,:-<,
,Frowning,:-(,
,Frowning Smiley With Hair,):-(,
,Frustrated,X[,
,Frustrated,><,
,Frustrated,://,
,Frustrated,:-P,
,Frustrated,:-/,
,full glass,\~/,
,Fuzzy Face,*:*,
,Gag me,: 0=/--,
,Galloping Gourmet,8=:-),
,gasp,:O,
,George Washington,4:-),
,Get Lost,:-%,
,getting fresh,P-),
,Getting Rained On,~~:-(,
,Gift with a Bow,(g),
,Giggling,*GIGGLING*,
,Giraffe,>:o===Q<,
,Girl,8:^),
,Girl,(x),
,glass empty,\_/,
,Glasses,8-),
,Glasses,??,
,Glasses,-o-o-,
,Glasses And A Half Mustache,8*),
,Glasses on forehead,8:-),
,Goat,(nah),
,Goatee,:-{>,
,Goatee,:-)>,
,Going To Sleep,|-|,
,Golf Club and Ball,o/,
,goofy smile or wearing glasses,8-),
,gorilla,8:],
,Gorilla,%:O,
,Gorilla,:8],
,Grateful Dead,(~};),
,Great! I Like It!,":^D""",
,Greedy,$_$,
,grin,:-D,
,Grin,:->,
,Grinning And Sticking Tongue Out,:O,
,Guitar,(____),
,Guy with a Toupee,$8(),
,Hair In A Mess,#:-),
,"hair parted in middle, toupee",{:-),
,hair parted in the middle,{:-),
,Hair Parted In The Middle Sticking Up On Sides,}:-),
,Halloween pumpkin,(^:^),
,ham radio operator,E:-),
,ham radio operator,E-:-),
,Handcuffs,(%),
,Handlebar Mustache,:-3,
,Handlebar Mustache,:-}),
,Handsome,&:-],
,Happy,U,
,Happy,|___|,
,Happy,:),
,happy,:->,
,Happy,:-),
,Happy,^.^,
,Happy,^?^,
,Happy,^-^,
,happy, :-),
,happy cow,3:8),
,Happy Drunk,%-),
,happy pig,:@),
,Harry Potter,<~8),
,Harry Potter Snitch,>O<,
,Harry Potter Wand,/* *,
,Has A Dimple,:-',
,Has Braces,:-#,
,has goatee/beard,:-)},
,has mohawk,-:-),
,has two noses,:=),
,hat salesman,<<<<(:,
,hat salesman,<<<<(:-),
,Hats Off To Your Great Idea,D:-),
,Have A Cold,:-`|,
,have an ordinary day Emoticon,:-|,
,Headache,(({..})),
,Heart,<u3,
,Heart,<3,
,Heart-broken,(:-...,
,Heavy Eyebrows,|:-),
,heavy lipstick,:-{},
,Hee hee,|-),
,Hee-hee,|-),
,Hey,:->,
,Hey hey,:->,
,High Five,(h5),
,high five,^5,
,Hmm,:-I,
,Hmmm,:-|,
,Hmmm,:-\,
,Hmmm,:-/,
,Hmmmm,":-,",
,Ho ho,|-D,
,Hockey Stick and Puck,L.,
,Hollywood,8-),
,Homer,(8-(1),
,Homer,(_8^(|),
,hooters,( o ) ( o ),
,Horn-rims,B-),
,Horror,[_],
,Hot,(h),
,Hug,{ },
,hug,((((name)))),
,Hug,(:)\/<,
,Hug,:)X,
,Huge,<(^.^<),
,Huggle,<(*.*<),
,Hugs,((())),
,Hugs,:D<,
,Hugs and Kisses,{{{***}}},
,hugs and kisses,(()):**,
,Humor (or smiley),:-),
,Hung Over,%*@:-(,
,hungover,%-\,
,Hungry,:0,
,Hyper,XD,
,Hypnotized,@-),
,I Am A Skater Or I Like To Skate,O[-<]:,
,I Am A Vampire!,:[,
,I Am Bald,((:-/,
,I Am Crying,:'-(,
,I Am Rich!,?$?:-),
,I Am Spitting Mad,>;-(',
,I Do Not Know,:^),
,I Have An Innie Belly Button,:-) .,
,I Have An Outie Belly Button,":-) ,",
,I Have Tangled Hair,#;-),
,I Love You,<3,
,I’m Disappointed,:-E,
,I’m Hurt By That,:+(,
,I’m Sleepy,(-.-)ZZZ,
,I’m So Happy I’m Crying,:'-),
,I’m Tipsy,:*),
,I’m Tipsy But Happy,%-),
,I’m Wearing Glasses,B-),
,Ice Cream Cone,~oO>,
,Ichthus,<><,
,ill,(:-$,
,IM,*red+u,
,IM,*help,
,In a Nut Shell,(@),
,In Love,*IN LOVE*,
,In Love,(*_*),
,In Love,:-X,
,Inadequate,._.,
,Incoherent,:-S,
,Indecisive,:7/,
,indifferent,:-I,
,Indifferent,:-|,
,Infinity,8,
,Innocent,O:-),
,Irritated,%7<,
,Irritated,?_?,
,Island with a Palm Tree,(ip),
,Jim Carrey,?:^[],
,Jimmy Durante,:###),
,Joe Cool,8-),
,John Lennon,//o-o\\,
,John Lennon,(8 {,
,John Travolta With ‘Grease’ Quiff,@:-),
,Joking,X-p,
,Jokingly,*JOKINGLY*,
,Jovial,:-],
,just ate a hot pepper,8-*,
,Just Back From Hairdresser,@:-},
,Keeping A Straight Face,:-T,
,Kid Smiley,:-X,
,King,\VVV/,
,King,\$$$/,
,Kirby,<('.'<),
,Kirby,<(^.^)>,
,Kirby,<( '.' <),
,Kirby,<( '.' )>,
,Kirby,(>'.')>,
,Kiss,=,
,Kiss,*,
,Kiss,:*),
,Kiss,:-*,
,Kiss,:-)*,
,Kiss,;-(!),
,Kiss My Butt,(_X_),
,Kissed,*KISSED*,
,kisses,:*,
,Kisses,:}{:,
,Kissing,*KISSING*,
,Kissing,(}{),
,kissing,(:-*,
,Kissing,( '}~{' ),
,Kissing,( '}{' ),
,Kissing,:pd:,
,Kitty,:3,
,Koala,@(*o*)@,
,Kool,:*)O,
,Ladybug,<{::}>,
,Ladybug,(::)<,
,large brain capacity,C:-),
,Later,l8r),
,Laugh Loud,:-D,
,Laughing,XD,
,Laughing,:)),
,Laughing,:-D,
,laughing,;-D,
,laughing (at you!),:-D,
,Laughing Like Crazy,%OD,
,Laughing out Loud,0,
,laughing out loud,%-(I),
,Laughing Tears,:.-),
,Left Hand,(-:,
,Left Hand Smiley!,(-:,
,Left Handed Tongue Touching Nose,?-:,
,Left Hug,({),
,left-handed,(-:,
,Left-handed Sad Face,)-:,
,Left-handed Smiley Face,(-:,
,Lewd Remark,>;->,
,Liar Liar,:^o,
,Licking Lips,:-9,
,Light Bulb,(i),
,Lightning,(li),
,Like My New Glasses,%-),
,"Like, Duh",";-,",
,likes to scuba dive,(:)-),
,Lion,:3,
,Lips are Sealed,:X,
,Lips are Sealed,:-X,
,lips are sealed,:-#,
,Lips are Sealed,:-*,
,Lipstick,:(),
,listening to Walkman radio,[:-),
,little girl,8:-),
,Long Nose,:~),
,long nose (Liar!),:-----),
,Look at Me,<@> <@>,
,Looking,>_>,
,Looking,<_<,
,Looking,(*)?(*),
,Looking Around,<.< >.>,
,Looking at You,<o?o>,
,Looking at You,<*_*>,
,Lopsided grin with dimple,:-?,
,Loser,L-),
,lost a fight,%+{,
,Lots of Lipstick,:-{},
,loud guffaw,:-) :-) :-),
,Love,<3,
,Love,(>^.^)> <3 <(^.^<),
,Love Struck,:x,
,M&Ms,(m)(m)(m),
,Mad,X-(,
,Mad,~:(,
,Mad,>=[,
,Mad,>=(,
,Mad,>:-<,
,Mad,">,<",
,Mad Look,;-(,
,"mad, annoyed",>:-(,
,Madonna,:-.),
,Makes Me Cry,&-L,
,Makes Me Sick,:-(*),
,Makes No Sense,:-S,
,male,:-,
,Marge Simpson,@@@@@:-),
,Marge Simpson,@@@@:-),
,Marine,(#-[,
,Married,:-)(-:,
,Martini Glass,(d),
,mean pet smiley,3:[,
,Messy Hair,#:-),
,Metal,\m/,
,Mickey Mouse,O,
,Mickey Mouse,8(:-),
,Midget,o/<,
,Midget,:),
,Midget person,o|-<,
,midget smiley,:>,
,midget smiley,:),
,midget unsmiley,:<,
,Mischievous,:p,
,mixed up,:~/,
,Mobile Phone,(mp),
,Mog,^o^,
,Mohawk,~~:-(,
,Money,(mo),
,Money Eyes,$-),
,Money Mouth,:-$,
,Monkey,U,
,Monkey,@(-_-)@,
,Monkey,---,
,monkey face,@(^_^)@,
,Monster,:E,
,mooning you,0,
,Mooning You,(|),
,Mooning You,(_i_),
,Mouse,oO~,
,Mouse,~<>^>,
,Mouse,<:3)~~,
,Mouse,<:3)~,
,Mouse,<:3 )~,
,Mousketeer,8(:-),
,Moustache,:-{),
,Moustache,:-{,
,Moustache And Beard,:-{)},
,moustache man,:-{),
,Mr. Bill,8-o,
,Mr. Magoo,~O-O~,
,MSN Messenger,(m),
,mug,l_l),
,Mustache,{ 8{],
,Mustache,:{,
,Mustache,:-{,
,Mustache & Goatee,:-{)=,
,Mustache And Beard,{:-{)},
,mutant,:-:,
,My Lips Are Sealed,:-#,
,my lips are sealed Emoticon,:-x,
,Nailbiting,:-SS,
,Napping,"~,~",
,Naughty,:-P,
,Navy Admiral,*:-),
,Navy Captain,@:-),
,Navy Commander,#:-),
,needs a haircut,(-),
,Nerd,8-|,
,Nerd,*8-I,
,Nerd,:-B,
,net.ham-radio,E-:-I,
,new graduate,Q:-),
,No Comment,{},
,no comment,:-X,
,No Explanation,|:-0,
,No expression,:-|,
,"No expression face, ‘that comment doesn’t phase me’",:-|,
,no smoking,:/i,
,Nordic,):-(,
,Normal smiling face except that a gorilla,8:],
,Not Amused,:/),
,not funny,:/),
,Not talking,[-(,
,Note,-8,
,Oh,:-O,
,Oh My God!,8-O,
,Oh No,:-O,
,Oh No!,#:-O,
,"Oh, nooooooo!",#:-o,
,Old Lady,?:-_],
,Old Man,|:-{)~,
,Older user with mustache,:-=),
,On the Phone,:)],
,one eye,.-],
,one eye,.-),
,one eye … and winking,",-)",
,One Eyebrow,:-(,
,one eyebrow raised,:-,
,One-Eyed Smile,-),
,One-Eyed Smile,-),
,Oops,:-*,
,Open-Mouthed Smile,:d,
,Open-Mouthed Smile,:-D,
,Orangutan,:=),
,Ouch!,:@,
,Overjoyed,^_^,
,owl,(^o^),
,Owl, ,
,Pac-man,<.....,
,Pacman,(<. . . . .,
,Pacman,(:V),
,Pacman,:v,
,particularly angry,:-[,
,partied all night,#-),
,Party,<:o),
,Party,<:-P,
,Partying,<l:0,
,Partying,*<(8)~/~<,
,Partying Too Much,*<|8-P~,
,Pato,(:V,
,Peace,(/|\),
,Peace,:)>-,
,Penguin,8>,
,Pensive,:-?,
,Perplexed,:-/,
,Person,<:^],
,Person submitting is Cyclops,@-),
,Personality,:^),
,Pet Dog,3:],
,pet smiley,3:],
,Phbbbbt,>:P,
,philosopher,:?),
,Picasso,%\v,
,Picasso,%-^,
,Pie Being Thrown,----|},
,Pig,o()~,
,Pig,:8),
,pig,:@),
,Pig,:(:),
,Pikachu,(o^-^o),
,Pikachu,^_^'',
,Pineapple,(_),
,Pinnochio,:---),
,Pinocchio,:-------[,
,pipe smoker,:-?,
,Pirate,P-(,
,Pizza,<|,
,Pizza,<%),
,Pizza,(pi),
,Plate,(pl),
,Pointy Mustache,:-<,
,Pointy Nosed,}:^#),
,Poker Face,:-I,
,Pop-Tart,[::::],
,popcorn,****,
,Pope,+O=-),
,Popeye,:-\,
,Popeye gets his lights punched out,;-\,
,"Popeye smiling face, for people who look like popeye",:-\,
,Pouting,:-T,
,pouting,:-[,
,Pouting Variation,:-[,
,Praise The Lord,O/,
,Praying,[-o<,
,pretzels,&&&&,
,Prince,\<><>/,
,Princess,~<:-),
,Princess,\&&&/,
,Prizefighter,;~[,
,PSP,(+[ ]-:-),
,punched in the mouth,:-#,
,Put Em Up,Q('.'Q),
,Put Your Money Where Your Mouth Is,:-$,
,put your money where your mouth is,:-($),
,Queen,\%%%/,
,Rabbit, (___)0,
,Raised Eyebrow,/:),
,Rasberry,:-R,
,Rat,--- :,
,real sad smiley,:-<,
,Real sad Smiley,:-<,
,Real Unhappy,:-C,
,Really Bummed Out,~:-(,
,really bummed out,:-C,
,Really confused,:-$,
,Really Happy,0,
,Really Happy,:-)),
,Red Crayon,()_RED_(>,
,Red Heart,(l),
,Red Lips,(k),
,Red Rose,(f),
,Reindeer,}---:o>,
,Religious leader,+-(:-),
,Reproduction,~o),
,Revenge,>=D,
,Right Hug,(}),
,robot,<(-_-)>,
,Robot,[:],
,Rocker,\m/>.<\m/,
,Rocker,\m/(**)\m/,
,Rocker,\m/ >_< \m/,
,Rocking,>-D,
,Rocking,"\w/^^,\w/",
,Rocking,\m/,
,Rolling Eyes,9_9,
,Rolling Eyes,8-|,
,Rolling Eyes,>>,
,Ronald Reagan,7:),
,Ronald Reagan,7:-),
,Ronald Reagan,7:^],
,Rose,@~'~~~,
,Rose,@~)~~~~,
,Rose,@>-;--,
,rose,"@}>-'-,--",
,Rose,@};-,
,Rose,@};---,
,Rose,@}->--,
,Rose,@)->-,
,rose,@->--,
,rose,@-}----,
,"rose, opening with leaves",@>;-----,
,Rudolph the reindeer,3:*>,
,Sad,Y_Y,
,Sad,T.T,
,Sad,D=,
,Sad,D:,
,sad,(<_>),
,Sad,:c,
,sad,:*(,
,sad,:[,
,sad,:(,
,Sad,:-(,
,Sailor,/:-),
,Santa Claus,*<|:-{)},
,Santa Claus,*<|:-),
,Santa Claus,*<|:^) },
,Santa Claus,*<:-),
,Santa Claus (Ho Ho Ho),*<|:-),
,Sarcastic,:-7,
,sarcastic,;->,
,Sarcastic,^o),
,schizophrenic,*!#*!^*&:-),
,Scholar,!:-),
,Scissors,8<,
,scream,:-@,
,screaming,:-@,
,scuba diver,0-),
,Scuba Smiley big-face,)8-),
,Sea Horse,\';./,
,secret smile,(-_-),
,Secret Telling,:-*,
,Seeing Double,::=)),
,Seeing Eye to Eye,8==8,
,Sees Money,$-),
,Semi-Smile,:-I,
,Semi-Smiley,:-i,
,Sender Has Curly Hair,&:-),
,Sender Is Left-handed,(-:,
,Sender Wears Glasses,8-),
,Shame on You,[-x,
,Shark,"<((("">",
,Shaved Left Eyebrow,",:-)",
,Shocked,o_o,
,Shocked,35277,
,Shocked,*SHOCKED*,
,shocked,:-o,
,"shocked, surprised",:-O,
,Shot Between The Eyes,+-(,
,Shoulder Shrug,^^,
,Shouting,:-V,
,Shy,(*^_^*),
,Siamese twins,(-::-),
,Sick,:-s,
,Sick,:-&,
,Sick Comment,:-(*),
,Side Comment,:-Y,
,Sigh,:-<,
,Silly,8-},
,silly nose,(c:,
,Singing,(^o^),
,Singing,:O,
,Singing,:-o,
,singing or laughing,(^o^),
,Single Hair,~:-P,
,Skateboarder,o{-<]:,
,Skateboarder,O-\-<]:,
,Skateboarder,0-<-<):,
,Skater,o<[^(,
,skeptical,:-/,
,skeptical,;-/,
,Skeptical Again,:-/,
,Skeptical Variation,:-7,
,Skull,8-X,
,Sleeping,(>.<) zzZ,
,Sleeping Half-Moon,(s),
,Sleepy,u_u,
,Sleepy,|-),
,Sleepy,#),
,Sleepy,(>.<),
,Slept Too Long,"#(,'%/)",
,sly,%-),
,Smile,C:,
,Smile,[______],
,smile,:o),
,Smile,:|),
,smile,:),
,Smile,:-),
,smile and wearing sunglasses,B-),
,smiley,(^_^),
,Smiley After Smoking A Banana,O-),
,smiley banker,:-%,
,Smiley big-face,(:-),
,Smiley blockhead,:-],
,smiley licking it’s lips,:-9,
,Smiley priest,+:-),
,smiley smoking a pipe,:-?,
,smiley standard,:-),
,smiley with braces,(:-#,
,Smiley With Hair,):-),
,Smiley with its hair parted in the middle,{:-),
,Smiley with ponce-nez glasses,g-),
,Smiling,:^J,
,Smiling,^&^,
,Smiling,^^,
,Smirk,:-1,
,Smirk,":-,",
,Smirking,":^,",
,Smirking,;^),
,Smoker,:-Q,
,smokes a pipe,:-7,
,Smoking,:-Q,
,smoking,:-d,
,smoking a pipe,:-?,
,Smug,:>,
,Snail,@x,
,Snail,(sn),
,Snake,~~~~8},
,Soccer Ball,(so),
,Sorry,?-(,
,Sour Face,X P,
,Sour Face,(X^(*,
,Spanish bull,}:8>,
,Speak no Evil,:-M,
,speak with forked tongue,:-W,
,speechless,:-x,
,spitting out chewingtobacco,:-`,
,Standing Firm,:-( <|,
,Star,(*),
,Star Gazed,*~*,
,Staring At A Screen For Too Long,%-),
,Stick Man,/ \,
,sticking out tongue,:-P,
,sticking their tongue out (at you!),:-p,
,Sticking Tongue Out,>:P,
,Sticking Tongue Out,:pp,
,Sticking Tongue Out,:P,
,Sticking Tongue Out,:-r,
,sticking tongue out,:-P,
,Sticking Tongue Out,:-)~,
,Stock Broker,$:-$,
,Stop,*STOP*,
,Stormy Cloud,(st),
,Straight face,:|,
,Stressed,-.-,
,Stunned,@?@,
,Suave,&;-P,
,Sunglasses,B-),
,sunglasses,8-),
,sunglasses on head,B:-),
,Sunglasses on top of head,B :-),
,"Sunglasses, Mustache, Beard",(8-{)},
,"Sunglasses, Mustache, Goatee",/8^{~,
,Sunshine,(#),
,super sad,:-<,
,Surfer,    /',
,surprise,:-o,
,Surprised,U,
,Surprised,\m/<(^_^)>\m/,
,Surprised,*SURPRISED*,
,Surprised,{:o,
,surprised,(:-),
,Surprised,:o,
,Surprised,:0,
,surprised,:-o,
,"surprised, worried",:-o,
,Suspense,8-|,
,Swearing,:#,
,Sweating,`:-),
,Sword,oxx:{}:::::::>,
,Sword,/________|___|,
,Syringe,---(|||]==[],
,Talkative,:-0,
,Talking,:-D,
,Talking,:-{ },
,Talking,:^y,
,talking from both sides of mouth,:-8,
,Talking Gibberish,:-S,
,Talking head Smiley,:-v,
,Tearful,&-|,
,Telephone Receiver,(t),
,Teletubby,-(:)(0)=8,
,Television,>[I,
,The Devil,]:->,
,the other halo,0:-),
,the pope,+-(:-),
,thief: hands up!,(:>-<,
,Thin As A Pin,:-)---,
,Thinking,*-),
,thinking,:-I,
,Thinking,:-?,
,Thumbs Down,(n),
,Thumbs Up,*THUMBS UP*,
,Thumbs Up,(y),
,thumbs up,^,
,tickled/giggling,^-^,
,Time Out,:-t,
,Tired,*TIRED*,
,Tired,(:|,
,Toes,0000(0)(0)0000,
,Tongue in Cheek,8-;),
,Tongue in Cheek,:-J,
,tongue sticking out,:-p,
,Tongue Sticking Out,:-?,
,tongue tied,:-&,
,"tongue tied, don’t know what to say",:-&,
,Tongue Touching Nose,:-A,
,tongue-tied,:-&,
,Total Head Case,*!#*!^*&:-,
,Totally Unbelievable,:-C,
,tounge in cheek,:-J,
,tounge out,:-r,
,tounge sticking out,:-P,
,tounge tied,:-&,
,Trekkie,>:-|,
,Triple Chin,:-))),
,Turban,@:I,
,Turkey,<:>==,
,Turtle,(tu),
,two noses,:=),
,Uh oh,:-O,
,Ultraman,(o|o),
,Umbrella,(um),
,un-smiley,:-(,
,Uncertain,X:-/,
,uncertainty,:-$,
,Undecided,:\,
,undecided,:-\,
,Undecided,:-/,
,Undecided user,:-\,
,Unfazed,:-|,
,Unibrow,|:-),
,United States Flag,**==,
,UnSmiley big-face,):-(,
,unSmiley frowning,(:-(,
,Unyielding,|:-|,
,Upset,>.<,
,Upset,>:*,
,Upset,}:(,
,User after a BIZARRE comment,:-s,
,User after a wry statement,:-7,
,User after eating something bitter,:-*,
,User after eating something sour,:-6,
,User attends an Ivy League school,:<|,
,User face screaming,:-@,
,User just ate a sour pickle,:-*,
,User licking it’s lips,:-9,
,User likes to scuba dive,(:)-),
,User needing a haircut,(-),
,"User only has a left eye, which is closed",>-),
,User partied all night,#-),
,User singing national anthem,:-o,
,User spitting out its chewing tobacco,:-`,
,User sports a mohawk and admires Mr. T,-:-),
,User talks too much,:-D,
,User tends to drool,:-)>,
,User wearing scuba mask,0-),
,user wears braces / lips are sealed,:-#,
,User wears glasses,8-),
,User wears glasses,::-),
,User wears lipstick,:-},
,User which is tongue-tied,:-&,
,User with bushy mustache,:-#|,
,User with funny-looking left nose,:u),
,User with funny-looking right nose,:n),
,"User, wearing toupee in wind.",}(:-(,
,User’s beard has permanent wave *or* was drawn by Picasso,:-@,
,"User’s face needs a nosejob, no explanation necessary",:~),
,User’s lips are sealed.,:-#,
,Vampire,"@,.,@",
,Vampire,(';.;'),
,Vampire,:-E,
,Vampire,:-[,
,Vampire Bat,:[,
,Vampire Bat,:-[,
,Vampiro,:-[,
,Very Drunk,%*},
,Very Happy,:-))),
,Very Happy,:-)),
,Very hungry,:-[],
,very overweight,:-))),
,VERY sad,(:-\,
,very shocked or yelling,:-O,
,Very Tired,%'),
,Very Unhappy,(:-(,
,Victory,(o^_^)o,
,Waiting,:-w,
,walkman,[:-),
,Walrus,:-<,
,Wave,:-h,
,wavy hair,@:-),
,wearing a bow tie,:-X,
,wearing a bowtie,:-)X,
,wearing a cap,d:),
,Wearing A Sailor Hat,D:-),
,Wearing A Toupee,{(:-),
,wearing a toupee,{:-),
,Wearing A Turban,@:-),
,wearing a walkman,[:-),
,wearing braces,:-#,
,wearing cheap sunglasses,B-|,
,Wearing Contacts,8-),
,Wearing Glasses,B-),
,wearing headband,(|:-),
,Wearing Lipstick,:-{},
,Wearing Sunglasses,B-),
,Wearing Sunglasses,8-),
,Wearing Sunglasses,]-I,
,wearing toupee,{(:-),
,wearing toupee in an updraft,}:-),
,wearing toupee.,{(:-),
,wears glasses,(8-),
,wears glasses,::-),
,well dressed,:-)8,
,Whatever,:-P,
,Whatever,:-1,
,Whatever,-_-,
,Whining,*WHINING*,
,Whining,:'(,
,Whining,:'-(,
,Whistling,":-""",
,wide-eyed,8-),
,Wigged Out,;^?,
,Wilted Rose,(w),
,Wine Glass,())=(,
,wink,-),
,Wink,(`_^),
,Wink,;p,
,Wink,;O),
,wink,;),
,Wink,;-P,
,wink,;-),
,Winking,~_^,
,Winking,-),
,Winking,;),
,Winking,;-),
,Winking Happy,",-)",
,winking smiley,;-),
,Winking Variation,;-),
,Witch,<):^/,
,With a bow-tie,:-)X,
,With a hat,*|:-),
,Wizard,8<:-),
,wizard,8 :-),
,wizard,-=#:-),
,Wizard With Wand,-=#:-) /,
,Woman,:-)8 :,
,won the lottery,$-),
,Wondering,:~),
,Worried,:-S,
,Wow!,:-O,
,Wry and winking,",-}",
,Wry Face,:-7,
,Wry Remark,:-7,
,Xbox,(xx),
,Yacht,_/),
,Yawn,|-O,
,Yawn,(:|,
,yawning,|-O,
,yawning,|-(),
,Yawning,:-@,
,Yawning Or Snoring Variation,|^O,
,yell,:-0,
,Yelling,>:O,
,yelling,:-(0),
,yet another bad hair day,@@(: l),
,yet another smiley,:-l,
,Yikes!,8,
,Yo !!,:-0,
,Yoda,<(-.-)>,
,Yoda,<(-_-)>,
,You Make Me Sick!,:-(*),
,You stepped on my toe,:-( ),
,You’re A Big Liar!,:--------),
,You’re kidding!,(@ @),
,You’re Mad!,X-(,
,Yuck Face,:-0>,
,Yuk,|-P,
,Zippy the Pinhead,->=:-),